# of variables,1,Sweep points,201,Parametric points,1,,,,
Vd,Vg,Vs,Id,Ig,Is,time_s,Id_dens,Ig_dens,R_on
0.000000E+0,4.000000E+0,0.000000E+0,2.963804E-6,3.514349E-12,-2.969309E-6,2.483985E+0,4.939673E-5,5.857249E-11,-1.012213E+3
5.000000E-2,4.000000E+0,0.000000E+0,9.650033E-6,3.694880E-12,-1.224592E-3,2.735346E+0,1.608339E-4,6.158133E-11,4.486834E+2
1.000000E-1,4.000000E+0,0.000000E+0,2.445203E-3,4.132486E-12,-2.439240E-3,2.992894E+0,4.075338E-2,6.887476E-11,1.231753E+0
1.500000E-1,4.000000E+0,0.000000E+0,3.668000E-3,5.749726E-12,-3.668214E-3,3.063871E+0,6.113333E-2,9.582877E-11,2.453393E+0
2.000000E-1,4.000000E+0,0.000000E+0,4.879846E-3,6.457460E-12,-4.880080E-3,3.141690E+0,8.133077E-2,1.076243E-10,2.475561E+0
2.500000E-1,4.000000E+0,0.000000E+0,6.094992E-3,6.942725E-12,-6.095225E-3,3.216569E+0,1.015832E-1,1.157121E-10,2.468839E+0
3.000000E-1,4.000000E+0,0.000000E+0,7.307284E-3,7.214511E-12,-7.307549E-3,3.291120E+0,1.217881E-1,1.202418E-10,2.474653E+0
3.500000E-1,4.000000E+0,0.000000E+0,8.505040E-3,7.650244E-12,-8.505280E-3,3.362361E+0,1.417507E-1,1.275041E-10,2.504683E+0
4.000000E-1,4.000000E+0,0.000000E+0,9.707553E-3,8.286381E-12,-9.707876E-3,3.501750E+0,1.617926E-1,1.381064E-10,2.494775E+0
4.500000E-1,4.000000E+0,0.000000E+0,1.090185E-2,8.633757E-12,-1.090271E-2,3.637486E+0,1.816974E-1,1.438959E-10,2.511949E+0
5.000000E-1,4.000000E+0,0.000000E+0,1.208702E-2,1.062478E-11,-1.208798E-2,3.708245E+0,2.014504E-1,1.770796E-10,2.531264E+0
5.500000E-1,4.000000E+0,0.000000E+0,1.326649E-2,1.142664E-11,-1.326742E-2,3.778583E+0,2.211082E-1,1.904440E-10,2.543520E+0
6.000000E-1,4.000000E+0,0.000000E+0,1.444080E-2,1.182793E-11,-1.444178E-2,3.857372E+0,2.406800E-1,1.971322E-10,2.554697E+0
6.500000E-1,4.000000E+0,0.000000E+0,1.559396E-2,1.178362E-11,-1.559495E-2,3.948497E+0,2.598993E-1,1.963937E-10,2.601549E+0
7.000000E-1,4.000000E+0,0.000000E+0,1.674747E-2,1.254961E-11,-1.674852E-2,4.019051E+0,2.791246E-1,2.091602E-10,2.600743E+0
7.500000E-1,4.000000E+0,0.000000E+0,1.789048E-2,1.307167E-11,-1.789161E-2,4.090114E+0,2.981746E-1,2.178611E-10,2.624665E+0
8.000000E-1,4.000000E+0,0.000000E+0,1.901308E-2,1.403569E-11,-1.901420E-2,4.191657E+0,3.168847E-1,2.339282E-10,2.672356E+0
8.500000E-1,4.000000E+0,0.000000E+0,2.013481E-2,1.451010E-11,-2.013587E-2,4.262726E+0,3.355801E-1,2.418349E-10,2.674455E+0
9.000000E-1,4.000000E+0,0.000000E+0,2.124414E-2,1.492975E-11,-2.124532E-2,4.333203E+0,3.540691E-1,2.488291E-10,2.704317E+0
9.500000E-1,4.000000E+0,0.000000E+0,2.233238E-2,1.526890E-11,-2.233358E-2,4.405737E+0,3.722064E-1,2.544816E-10,2.756747E+0
1.000000E+0,4.000000E+0,0.000000E+0,2.341606E-2,1.584880E-11,-2.341723E-2,4.483531E+0,3.902676E-1,2.641467E-10,2.768365E+0
1.050000E+0,4.000000E+0,0.000000E+0,2.448229E-2,1.576264E-11,-2.448356E-2,4.563478E+0,4.080381E-1,2.627107E-10,2.813651E+0
1.100000E+0,4.000000E+0,0.000000E+0,2.553117E-2,1.565657E-11,-2.553246E-2,4.636025E+0,4.255195E-1,2.609428E-10,2.860174E+0
1.150000E+0,4.000000E+0,0.000000E+0,2.657115E-2,1.576525E-11,-2.657242E-2,4.705886E+0,4.428526E-1,2.627542E-10,2.884666E+0
1.200000E+0,4.000000E+0,0.000000E+0,2.759447E-2,1.553658E-11,-2.759578E-2,4.805962E+0,4.599079E-1,2.589430E-10,2.931644E+0
1.250000E+0,4.000000E+0,0.000000E+0,2.860034E-2,1.509467E-11,-2.860177E-2,4.877074E+0,4.766723E-1,2.515779E-10,2.982511E+0
1.300000E+0,4.000000E+0,0.000000E+0,2.959522E-2,1.482939E-11,-2.959666E-2,4.948011E+0,4.932537E-1,2.471564E-10,3.015423E+0
1.350000E+0,4.000000E+0,0.000000E+0,3.057437E-2,1.448448E-11,-3.057567E-2,5.018610E+0,5.095728E-1,2.414079E-10,3.063883E+0
1.400000E+0,4.000000E+0,0.000000E+0,3.152958E-2,1.455159E-11,-3.153100E-2,5.119949E+0,5.254931E-1,2.425265E-10,3.140661E+0
1.450000E+0,4.000000E+0,0.000000E+0,3.247843E-2,1.441695E-11,-3.247997E-2,5.189858E+0,5.413072E-1,2.402824E-10,3.161734E+0
1.500000E+0,4.000000E+0,0.000000E+0,3.340861E-2,1.436108E-11,-3.341016E-2,5.261017E+0,5.568101E-1,2.393514E-10,3.225186E+0
1.550000E+0,4.000000E+0,0.000000E+0,3.431899E-2,1.390172E-11,-3.432058E-2,5.333329E+0,5.719832E-1,2.316954E-10,3.295304E+0
1.600000E+0,4.000000E+0,0.000000E+0,3.521552E-2,1.305828E-11,-3.521711E-2,5.403553E+0,5.869254E-1,2.176380E-10,3.346241E+0
1.650000E+0,4.000000E+0,0.000000E+0,3.609706E-2,1.240274E-11,-3.609867E-2,5.487014E+0,6.016177E-1,2.067123E-10,3.403144E+0
1.700000E+0,4.000000E+0,0.000000E+0,3.695358E-2,1.205556E-11,-3.695523E-2,5.557167E+0,6.158930E-1,2.009261E-10,3.502550E+0
1.750000E+0,4.000000E+0,0.000000E+0,3.780292E-2,1.247579E-11,-3.780464E-2,5.627923E+0,6.300487E-1,2.079298E-10,3.532138E+0
1.800000E+0,4.000000E+0,0.000000E+0,3.863492E-2,1.318431E-11,-3.863662E-2,5.698159E+0,6.439154E-1,2.197385E-10,3.605774E+0
1.850000E+0,4.000000E+0,0.000000E+0,3.944476E-2,1.312741E-11,-3.944656E-2,5.778106E+0,6.574126E-1,2.187902E-10,3.704466E+0
1.900000E+0,4.000000E+0,0.000000E+0,4.024215E-2,1.282122E-11,-4.024399E-2,5.850689E+0,6.707024E-1,2.136870E-10,3.762270E+0
1.950000E+0,4.000000E+0,0.000000E+0,4.102385E-2,1.298639E-11,-4.102565E-2,5.922098E+0,6.837308E-1,2.164398E-10,3.837771E+0
2.000000E+0,4.000000E+0,0.000000E+0,4.178451E-2,1.277864E-11,-4.178637E-2,5.992901E+0,6.964086E-1,2.129773E-10,3.943926E+0
2.050000E+0,4.000000E+0,0.000000E+0,4.253251E-2,1.250407E-11,-4.253434E-2,6.070287E+0,7.088752E-1,2.084011E-10,4.010690E+0
2.100000E+0,4.000000E+0,0.000000E+0,4.326539E-2,1.148622E-11,-4.326728E-2,6.140845E+0,7.210899E-1,1.914370E-10,4.093460E+0
2.150000E+0,4.000000E+0,0.000000E+0,4.398060E-2,1.113287E-11,-4.398257E-2,6.211960E+0,7.330100E-1,1.855479E-10,4.194588E+0
2.200000E+0,4.000000E+0,0.000000E+0,4.467748E-2,1.054715E-11,-4.467941E-2,6.281878E+0,7.446247E-1,1.757858E-10,4.304863E+0
2.250000E+0,4.000000E+0,0.000000E+0,4.535829E-2,1.056819E-11,-4.536030E-2,6.384334E+0,7.559715E-1,1.761365E-10,4.406553E+0
2.300000E+0,4.000000E+0,0.000000E+0,4.602828E-2,1.064004E-11,-4.603028E-2,6.455985E+0,7.671380E-1,1.773340E-10,4.477656E+0
2.350000E+0,4.000000E+0,0.000000E+0,4.667758E-2,1.021287E-11,-4.667962E-2,6.527396E+0,7.779596E-1,1.702146E-10,4.620391E+0
2.400000E+0,4.000000E+0,0.000000E+0,4.731480E-2,1.028217E-11,-4.731677E-2,6.600996E+0,7.885800E-1,1.713695E-10,4.707935E+0
2.450000E+0,4.000000E+0,0.000000E+0,4.793856E-2,1.053087E-11,-4.794055E-2,6.671646E+0,7.989760E-1,1.755144E-10,4.809522E+0
2.500000E+0,4.000000E+0,0.000000E+0,4.854283E-2,1.003063E-11,-4.854479E-2,6.743555E+0,8.090472E-1,1.671771E-10,4.964653E+0
2.550000E+0,4.000000E+0,0.000000E+0,4.913548E-2,9.370494E-12,-4.913746E-2,6.814589E+0,8.189247E-1,1.561749E-10,5.062018E+0
2.600000E+0,4.000000E+0,0.000000E+0,4.971134E-2,1.018401E-11,-4.971337E-2,6.936096E+0,8.285223E-1,1.697336E-10,5.209675E+0
2.650000E+0,4.000000E+0,0.000000E+0,5.027471E-2,1.048878E-11,-5.027675E-2,7.005352E+0,8.379118E-1,1.748131E-10,5.325079E+0
2.700000E+0,4.000000E+0,0.000000E+0,5.082447E-2,1.066062E-11,-5.082652E-2,7.080388E+0,8.470746E-1,1.776771E-10,5.456856E+0
2.750000E+0,4.000000E+0,0.000000E+0,5.136326E-2,1.020803E-11,-5.136534E-2,7.150685E+0,8.560543E-1,1.701339E-10,5.568122E+0
2.800000E+0,4.000000E+0,0.000000E+0,5.188409E-2,9.841299E-12,-5.188611E-2,7.221912E+0,8.647349E-1,1.640216E-10,5.759964E+0
2.850000E+0,4.000000E+0,0.000000E+0,5.239448E-2,9.271753E-12,-5.239648E-2,7.301012E+0,8.732413E-1,1.545292E-10,5.877934E+0
2.900000E+0,4.000000E+0,0.000000E+0,5.289022E-2,8.815777E-12,-5.289235E-2,7.372294E+0,8.815036E-1,1.469296E-10,6.051523E+0
2.950000E+0,4.000000E+0,0.000000E+0,5.337269E-2,8.400261E-12,-5.337476E-2,7.444734E+0,8.895449E-1,1.400044E-10,6.217958E+0
3.000000E+0,4.000000E+0,0.000000E+0,5.384350E-2,8.085799E-12,-5.384551E-2,7.516320E+0,8.973916E-1,1.347633E-10,6.372053E+0
3.050000E+0,4.000000E+0,0.000000E+0,5.430286E-2,8.028710E-12,-5.430490E-2,7.587931E+0,9.050477E-1,1.338118E-10,6.530800E+0
3.100000E+0,4.000000E+0,0.000000E+0,5.474678E-2,8.135188E-12,-5.474883E-2,7.660292E+0,9.124464E-1,1.355865E-10,6.757910E+0
3.150000E+0,4.000000E+0,0.000000E+0,5.518279E-2,8.181155E-12,-5.518484E-2,7.729909E+0,9.197132E-1,1.363526E-10,6.880608E+0
3.200000E+0,4.000000E+0,0.000000E+0,5.560516E-2,7.801163E-12,-5.560726E-2,7.801709E+0,9.267527E-1,1.300194E-10,7.102782E+0
3.250000E+0,4.000000E+0,0.000000E+0,5.601435E-2,7.367051E-12,-5.601646E-2,7.870822E+0,9.335725E-1,1.227842E-10,7.331631E+0
3.300000E+0,4.000000E+0,0.000000E+0,5.641599E-2,7.317031E-12,-5.641817E-2,7.942999E+0,9.402664E-1,1.219505E-10,7.469404E+0
3.350000E+0,4.000000E+0,0.000000E+0,5.680525E-2,7.525921E-12,-5.680742E-2,8.014053E+0,9.467542E-1,1.254320E-10,7.706797E+0
3.400000E+0,4.000000E+0,0.000000E+0,5.718216E-2,7.282710E-12,-5.718434E-2,8.086507E+0,9.530360E-1,1.213785E-10,7.959539E+0
3.450000E+0,4.000000E+0,0.000000E+0,5.755177E-2,7.104123E-12,-5.755396E-2,8.156351E+0,9.591961E-1,1.184020E-10,8.116699E+0
3.500000E+0,4.000000E+0,0.000000E+0,5.790991E-2,6.960273E-12,-5.791212E-2,8.228581E+0,9.651651E-1,1.160046E-10,8.376654E+0
3.550000E+0,4.000000E+0,0.000000E+0,5.825608E-2,6.894481E-12,-5.825832E-2,8.298850E+0,9.709346E-1,1.149080E-10,8.666197E+0
3.600000E+0,4.000000E+0,0.000000E+0,5.859668E-2,7.071197E-12,-5.859897E-2,8.370938E+0,9.766114E-1,1.178533E-10,8.807901E+0
3.650000E+0,4.000000E+0,0.000000E+0,5.892630E-2,6.988418E-12,-5.892855E-2,8.443131E+0,9.821049E-1,1.164736E-10,9.101564E+0
3.700000E+0,4.000000E+0,0.000000E+0,5.924448E-2,7.002092E-12,-5.924685E-2,8.512961E+0,9.874080E-1,1.167015E-10,9.428492E+0
3.750000E+0,4.000000E+0,0.000000E+0,5.955538E-2,6.819451E-12,-5.955769E-2,8.585478E+0,9.925896E-1,1.136575E-10,9.649472E+0
3.800000E+0,4.000000E+0,0.000000E+0,5.985832E-2,6.673455E-12,-5.986067E-2,8.657926E+0,9.976387E-1,1.112243E-10,9.902809E+0
3.850000E+0,4.000000E+0,0.000000E+0,6.015042E-2,6.686437E-12,-6.015272E-2,8.731232E+0,1.002507E+0,1.114406E-10,1.027045E+1
3.900000E+0,4.000000E+0,0.000000E+0,6.043732E-2,6.392515E-12,-6.043971E-2,8.803022E+0,1.007289E+0,1.065419E-10,1.045662E+1
3.950000E+0,4.000000E+0,0.000000E+0,6.071470E-2,6.433225E-12,-6.071705E-2,8.877916E+0,1.011912E+0,1.072204E-10,1.081558E+1
4.000000E+0,4.000000E+0,0.000000E+0,6.098346E-2,6.527948E-12,-6.098584E-2,8.948975E+0,1.016391E+0,1.087991E-10,1.116249E+1
4.050000E+0,4.000000E+0,0.000000E+0,6.124525E-2,6.354320E-12,-6.124758E-2,9.021230E+0,1.020754E+0,1.059053E-10,1.145936E+1
4.100000E+0,4.000000E+0,0.000000E+0,6.150043E-2,5.967212E-12,-6.150278E-2,9.092015E+0,1.025007E+0,9.945353E-11,1.175647E+1
4.150000E+0,4.000000E+0,0.000000E+0,6.174541E-2,5.758119E-12,-6.174783E-2,9.166772E+0,1.029090E+0,9.596865E-11,1.224614E+1
4.200000E+0,4.000000E+0,0.000000E+0,6.198512E-2,5.710018E-12,-6.198749E-2,9.238759E+0,1.033085E+0,9.516697E-11,1.251467E+1
4.250000E+0,4.000000E+0,0.000000E+0,6.221768E-2,5.943144E-12,-6.222003E-2,9.311678E+0,1.036961E+0,9.905239E-11,1.290018E+1
4.300000E+0,4.000000E+0,0.000000E+0,6.244510E-2,6.185937E-12,-6.244753E-2,9.382082E+0,1.040752E+0,1.030990E-10,1.319115E+1
4.350000E+0,4.000000E+0,0.000000E+0,6.266369E-2,6.172681E-12,-6.266611E-2,9.455965E+0,1.044395E+0,1.028780E-10,1.372463E+1
4.400000E+0,4.000000E+0,0.000000E+0,6.287625E-2,6.028688E-12,-6.287867E-2,9.526681E+0,1.047937E+0,1.004781E-10,1.411382E+1
4.450000E+0,4.000000E+0,0.000000E+0,6.308303E-2,5.773532E-12,-6.308540E-2,9.597954E+0,1.051384E+0,9.622554E-11,1.450793E+1
4.500000E+0,4.000000E+0,0.000000E+0,6.328215E-2,5.694533E-12,-6.328453E-2,9.667708E+0,1.054703E+0,9.490888E-11,1.506597E+1
4.550000E+0,4.000000E+0,0.000000E+0,6.347723E-2,5.397093E-12,-6.347968E-2,9.740710E+0,1.057954E+0,8.995156E-11,1.537842E+1
4.600000E+0,4.000000E+0,0.000000E+0,6.366407E-2,5.065834E-12,-6.366652E-2,9.811265E+0,1.061068E+0,8.443057E-11,1.605667E+1
4.650000E+0,4.000000E+0,0.000000E+0,6.384581E-2,4.869890E-12,-6.384829E-2,9.882882E+0,1.064097E+0,8.116483E-11,1.650692E+1
4.700000E+0,4.000000E+0,0.000000E+0,6.402103E-2,4.687500E-12,-6.402352E-2,9.954230E+0,1.067017E+0,7.812500E-11,1.712179E+1
4.750000E+0,4.000000E+0,0.000000E+0,6.419251E-2,4.521179E-12,-6.419493E-2,1.002693E+1,1.069875E+0,7.535299E-11,1.749449E+1
4.800000E+0,4.000000E+0,0.000000E+0,6.435724E-2,4.741669E-12,-6.435966E-2,1.009896E+1,1.072621E+0,7.902781E-11,1.821136E+1
4.850000E+0,4.000000E+0,0.000000E+0,6.451774E-2,4.846454E-12,-6.452020E-2,1.016927E+1,1.075296E+0,8.077423E-11,1.869241E+1
4.900000E+0,4.000000E+0,0.000000E+0,6.467342E-2,4.812193E-12,-6.467587E-2,1.024150E+1,1.077890E+0,8.020322E-11,1.926939E+1
4.950000E+0,4.000000E+0,0.000000E+0,6.482115E-2,4.669261E-12,-6.482364E-2,1.031266E+1,1.080352E+0,7.782102E-11,2.030833E+1
5.000000E+0,4.000000E+0,0.000000E+0,6.496576E-2,4.702366E-12,-6.496819E-2,1.038491E+1,1.082763E+0,7.837276E-11,2.074463E+1
5.050000E+0,4.000000E+0,0.000000E+0,6.510522E-2,4.807997E-12,-6.510773E-2,1.045540E+1,1.085087E+0,8.013328E-11,2.151155E+1
5.100000E+0,4.000000E+0,0.000000E+0,6.523886E-2,4.554832E-12,-6.524133E-2,1.052726E+1,1.087314E+0,7.591387E-11,2.244944E+1
5.150000E+0,4.000000E+0,0.000000E+0,6.536736E-2,4.183578E-12,-6.536984E-2,1.059759E+1,1.089456E+0,6.972631E-11,2.334627E+1
5.200000E+0,4.000000E+0,0.000000E+0,6.549173E-2,3.895307E-12,-6.549418E-2,1.066991E+1,1.091529E+0,6.492178E-11,2.412108E+1
5.250000E+0,4.000000E+0,0.000000E+0,6.560973E-2,3.494847E-12,-6.561222E-2,1.074200E+1,1.093496E+0,5.824745E-11,2.542323E+1
5.300000E+0,4.000000E+0,0.000000E+0,6.572440E-2,3.243291E-12,-6.572695E-2,1.081366E+1,1.095407E+0,5.405486E-11,2.616330E+1
5.350000E+0,4.000000E+0,0.000000E+0,6.583413E-2,3.401041E-12,-6.583669E-2,1.088617E+1,1.097235E+0,5.668402E-11,2.733930E+1
5.400000E+0,4.000000E+0,0.000000E+0,6.593843E-2,3.540635E-12,-6.594091E-2,1.095887E+1,1.098974E+0,5.901059E-11,2.876300E+1
5.450000E+0,4.000000E+0,0.000000E+0,6.603848E-2,3.539169E-12,-6.604103E-2,1.103061E+1,1.100641E+0,5.898615E-11,2.998385E+1
5.500000E+0,4.000000E+0,0.000000E+0,6.613349E-2,3.326702E-12,-6.613602E-2,1.110202E+1,1.102225E+0,5.544504E-11,3.157569E+1
5.550000E+0,4.000000E+0,0.000000E+0,6.622219E-2,3.371453E-12,-6.622469E-2,1.118005E+1,1.103703E+0,5.619089E-11,3.382219E+1
5.600000E+0,4.000000E+0,0.000000E+0,6.630810E-2,3.282225E-12,-6.631061E-2,1.125314E+1,1.105135E+0,5.470375E-11,3.491919E+1
5.650000E+0,4.000000E+0,0.000000E+0,6.639019E-2,3.213191E-12,-6.639276E-2,1.132322E+1,1.106503E+0,5.355318E-11,3.654503E+1
5.700000E+0,4.000000E+0,0.000000E+0,6.646656E-2,2.963746E-12,-6.646907E-2,1.139491E+1,1.107776E+0,4.939576E-11,3.928324E+1
5.750000E+0,4.000000E+0,0.000000E+0,6.653746E-2,2.945673E-12,-6.654003E-2,1.146524E+1,1.108958E+0,4.909456E-11,4.231328E+1
5.800000E+0,4.000000E+0,0.000000E+0,6.660475E-2,2.916384E-12,-6.660731E-2,1.153694E+1,1.110079E+0,4.860640E-11,4.458567E+1
5.850000E+0,4.000000E+0,0.000000E+0,6.666718E-2,2.816737E-12,-6.666975E-2,1.160728E+1,1.111120E+0,4.694561E-11,4.805504E+1
5.900000E+0,4.000000E+0,0.000000E+0,6.672585E-2,2.724099E-12,-6.672844E-2,1.167930E+1,1.112098E+0,4.540165E-11,5.113056E+1
5.950000E+0,4.000000E+0,0.000000E+0,6.677852E-2,2.755785E-12,-6.678110E-2,1.175225E+1,1.112975E+0,4.592975E-11,5.696042E+1
6.000000E+0,4.000000E+0,0.000000E+0,6.682749E-2,2.852380E-12,-6.683009E-2,1.182354E+1,1.113792E+0,4.753967E-11,6.125866E+1
6.050000E+0,4.000000E+0,0.000000E+0,6.687196E-2,2.794695E-12,-6.687447E-2,1.189608E+1,1.114533E+0,4.657825E-11,6.746870E+1
6.100000E+0,4.000000E+0,0.000000E+0,6.691436E-2,2.716792E-12,-6.691688E-2,1.196854E+1,1.115239E+0,4.527986E-11,7.075262E+1
6.150000E+0,4.000000E+0,0.000000E+0,6.695124E-2,2.587605E-12,-6.695376E-2,1.204088E+1,1.115854E+0,4.312674E-11,8.134408E+1
6.200000E+0,4.000000E+0,0.000000E+0,6.698500E-2,2.406442E-12,-6.698755E-2,1.211211E+1,1.116417E+0,4.010737E-11,8.884669E+1
6.250000E+0,4.000000E+0,0.000000E+0,6.701770E-2,2.265155E-12,-6.702026E-2,1.218493E+1,1.116962E+0,3.775259E-11,9.176235E+1
6.300000E+0,4.000000E+0,0.000000E+0,6.704420E-2,2.170157E-12,-6.704678E-2,1.225558E+1,1.117403E+0,3.616929E-11,1.132002E+2
6.350000E+0,4.000000E+0,0.000000E+0,6.707054E-2,2.092004E-12,-6.707306E-2,1.232870E+1,1.117842E+0,3.486673E-11,1.139047E+2
6.400000E+0,4.000000E+0,0.000000E+0,6.709178E-2,1.964641E-12,-6.709438E-2,1.240120E+1,1.118196E+0,3.274401E-11,1.412323E+2
6.450000E+0,4.000000E+0,0.000000E+0,6.711208E-2,1.790464E-12,-6.711461E-2,1.247264E+1,1.118535E+0,2.984107E-11,1.477626E+2
6.500000E+0,4.000000E+0,0.000000E+0,6.713104E-2,1.653802E-12,-6.713360E-2,1.254351E+1,1.118851E+0,2.756337E-11,1.582134E+2
6.550000E+0,4.000000E+0,0.000000E+0,6.714703E-2,1.585484E-12,-6.714954E-2,1.261605E+1,1.119117E+0,2.642473E-11,1.876296E+2
6.600000E+0,4.000000E+0,0.000000E+0,6.716163E-2,1.525140E-12,-6.716412E-2,1.268686E+1,1.119361E+0,2.541900E-11,2.054353E+2
6.650000E+0,4.000000E+0,0.000000E+0,6.717324E-2,1.400983E-12,-6.717581E-2,1.275870E+1,1.119554E+0,2.334972E-11,2.586083E+2
6.700000E+0,4.000000E+0,0.000000E+0,6.718347E-2,1.356792E-12,-6.718604E-2,1.282994E+1,1.119725E+0,2.261321E-11,2.930518E+2
6.750000E+0,4.000000E+0,0.000000E+0,6.719061E-2,1.335430E-12,-6.719319E-2,1.290437E+1,1.119843E+0,2.225717E-11,4.203060E+2
6.800000E+0,4.000000E+0,0.000000E+0,6.719581E-2,1.337850E-12,-6.719841E-2,1.297618E+1,1.119930E+0,2.229750E-11,5.768670E+2
6.850000E+0,4.000000E+0,0.000000E+0,6.720147E-2,1.209497E-12,-6.720406E-2,1.304823E+1,1.120025E+0,2.015829E-11,5.298068E+2
6.900000E+0,4.000000E+0,0.000000E+0,6.720381E-2,1.027560E-12,-6.720634E-2,1.311893E+1,1.120064E+0,1.712600E-11,1.282335E+3
6.950000E+0,4.000000E+0,0.000000E+0,6.720545E-2,9.301662E-13,-6.720804E-2,1.319192E+1,1.120091E+0,1.550277E-11,1.830242E+3
7.000000E+0,4.000000E+0,0.000000E+0,6.720330E-2,9.362221E-13,-6.720591E-2,1.326330E+1,1.120055E+0,1.560370E-11,-1.393264E+3
7.050000E+0,4.000000E+0,0.000000E+0,6.719851E-2,9.115816E-13,-6.720104E-2,1.333430E+1,1.119975E+0,1.519303E-11,-6.271856E+2
7.100000E+0,4.000000E+0,0.000000E+0,6.718798E-2,9.581685E-13,-6.719054E-2,1.340726E+1,1.119800E+0,1.596948E-11,-2.847618E+2
7.150000E+0,4.000000E+0,0.000000E+0,6.717145E-2,9.209871E-13,-6.717395E-2,1.348085E+1,1.119524E+0,1.534979E-11,-1.814570E+2
7.200000E+0,4.000000E+0,0.000000E+0,6.715070E-2,8.278966E-13,-6.715315E-2,1.355519E+1,1.119178E+0,1.379828E-11,-1.446312E+2
7.250000E+0,4.000000E+0,0.000000E+0,6.712669E-2,7.845163E-13,-6.712921E-2,1.362757E+1,1.118778E+0,1.307527E-11,-1.249312E+2
7.300000E+0,4.000000E+0,0.000000E+0,6.709844E-2,6.179571E-13,-6.710096E-2,1.369937E+1,1.118307E+0,1.029929E-11,-1.061849E+2
7.350000E+0,4.000000E+0,0.000000E+0,6.706216E-2,6.067395E-13,-6.706472E-2,1.377119E+1,1.117703E+0,1.011233E-11,-8.269731E+1
7.400000E+0,4.000000E+0,0.000000E+0,6.702059E-2,5.063653E-13,-6.702309E-2,1.384468E+1,1.117010E+0,8.439422E-12,-7.216007E+1
7.450000E+0,4.000000E+0,0.000000E+0,6.697019E-2,3.896594E-13,-6.697267E-2,1.391557E+1,1.116170E+0,6.494324E-12,-5.952886E+1
7.500000E+0,4.000000E+0,0.000000E+0,6.691771E-2,1.181245E-13,-6.692020E-2,1.399150E+1,1.115295E+0,1.968742E-12,-5.716258E+1
7.550000E+0,4.000000E+0,0.000000E+0,6.684748E-2,1.452208E-13,-6.685001E-2,1.406386E+1,1.114125E+0,2.420346E-12,-4.271729E+1
7.600000E+0,4.000000E+0,0.000000E+0,6.677651E-2,1.175404E-13,-6.677904E-2,1.413608E+1,1.112942E+0,1.959006E-12,-4.227330E+1
7.650000E+0,4.000000E+0,0.000000E+0,6.670216E-2,-9.502173E-14,-6.670471E-2,1.420777E+1,1.111703E+0,-1.583695E-12,-4.035005E+1
7.700000E+0,4.000000E+0,0.000000E+0,6.661711E-2,-1.587748E-13,-6.661967E-2,1.428027E+1,1.110285E+0,-2.646247E-12,-3.527095E+1
7.750000E+0,4.000000E+0,0.000000E+0,6.652943E-2,-2.621293E-13,-6.653196E-2,1.435176E+1,1.108824E+0,-4.368822E-12,-3.421594E+1
7.800000E+0,4.000000E+0,0.000000E+0,6.643245E-2,-3.577948E-13,-6.643494E-2,1.442326E+1,1.107208E+0,-5.963246E-12,-3.093525E+1
7.850000E+0,4.000000E+0,0.000000E+0,6.633085E-2,-4.584790E-13,-6.633338E-2,1.449491E+1,1.105514E+0,-7.641316E-12,-2.952652E+1
7.900000E+0,4.000000E+0,0.000000E+0,6.622189E-2,-3.329158E-13,-6.622440E-2,1.456598E+1,1.103698E+0,-5.548597E-12,-2.753184E+1
7.950000E+0,4.000000E+0,0.000000E+0,6.610440E-2,-2.749920E-13,-6.610688E-2,1.463742E+1,1.101740E+0,-4.583200E-12,-2.553610E+1
8.000000E+0,4.000000E+0,0.000000E+0,6.598305E-2,-3.751039E-13,-6.598558E-2,1.471170E+1,1.099717E+0,-6.251732E-12,-2.472085E+1
8.050000E+0,4.000000E+0,0.000000E+0,6.585373E-2,-4.756093E-13,-6.585621E-2,1.478185E+1,1.097562E+0,-7.926822E-12,-2.319832E+1
8.100000E+0,4.000000E+0,0.000000E+0,6.571579E-2,-4.035831E-13,-6.571829E-2,1.485352E+1,1.095263E+0,-6.726384E-12,-2.174858E+1
8.150000E+0,4.000000E+0,0.000000E+0,6.557351E-2,-3.543019E-13,-6.557607E-2,1.492424E+1,1.092892E+0,-5.905032E-12,-2.108573E+1
8.200000E+0,4.000000E+0,0.000000E+0,6.543171E-2,-4.209995E-13,-6.543420E-2,1.499490E+1,1.090528E+0,-7.016659E-12,-2.115553E+1
8.250000E+0,4.000000E+0,0.000000E+0,6.528030E-2,-3.390789E-13,-6.528278E-2,1.506625E+1,1.088005E+0,-5.651315E-12,-1.981366E+1
8.300000E+0,4.000000E+0,0.000000E+0,6.513025E-2,-2.224445E-13,-6.513274E-2,1.513896E+1,1.085504E+0,-3.707409E-12,-1.999370E+1
8.350000E+0,4.000000E+0,0.000000E+0,6.497420E-2,-2.876997E-13,-6.497673E-2,1.520927E+1,1.082903E+0,-4.794995E-12,-1.922523E+1
8.400000E+0,4.000000E+0,0.000000E+0,6.482244E-2,-3.255486E-13,-6.482493E-2,1.528001E+1,1.080374E+0,-5.425811E-12,-1.976697E+1
8.450000E+0,4.000000E+0,0.000000E+0,6.466401E-2,-1.491547E-13,-6.466647E-2,1.535226E+1,1.077733E+0,-2.485911E-12,-1.893591E+1
8.500000E+0,4.000000E+0,0.000000E+0,6.450607E-2,-9.301901E-14,-6.450867E-2,1.542305E+1,1.075101E+0,-1.550317E-12,-1.899487E+1
8.550000E+0,4.000000E+0,0.000000E+0,6.434455E-2,-3.776550E-14,-6.434709E-2,1.549677E+1,1.072409E+0,-6.294250E-13,-1.857342E+1
8.600000E+0,4.000000E+0,0.000000E+0,6.418473E-2,9.227991E-14,-6.418725E-2,1.556857E+1,1.069745E+0,1.537998E-12,-1.877084E+1
8.650000E+0,4.000000E+0,0.000000E+0,6.402949E-2,2.787113E-13,-6.403204E-2,1.564192E+1,1.067158E+0,4.645189E-12,-1.932581E+1
8.700000E+0,4.000000E+0,0.000000E+0,6.386938E-2,5.114079E-13,-6.387196E-2,1.571127E+1,1.064490E+0,8.523464E-12,-1.873677E+1
8.750000E+0,4.000000E+0,0.000000E+0,6.371986E-2,6.060600E-13,-6.372243E-2,1.578369E+1,1.061998E+0,1.010100E-11,-2.006444E+1
8.800000E+0,4.000000E+0,0.000000E+0,6.356414E-2,6.770849E-13,-6.356658E-2,1.585496E+1,1.059402E+0,1.128475E-11,-1.926570E+1
8.850000E+0,4.000000E+0,0.000000E+0,6.341378E-2,8.806587E-13,-6.341632E-2,1.592752E+1,1.056896E+0,1.467764E-11,-1.995110E+1
8.900000E+0,4.000000E+0,0.000000E+0,6.325896E-2,9.594679E-13,-6.326139E-2,1.599744E+1,1.054316E+0,1.599113E-11,-1.937789E+1
8.950000E+0,4.000000E+0,0.000000E+0,6.310915E-2,1.013231E-12,-6.311158E-2,1.606981E+1,1.051819E+0,1.688719E-11,-2.002552E+1
9.000000E+0,4.000000E+0,0.000000E+0,6.295943E-2,1.199114E-12,-6.296188E-2,1.614271E+1,1.049324E+0,1.998524E-11,-2.003648E+1
9.050000E+0,4.000000E+0,0.000000E+0,6.281155E-2,1.412797E-12,-6.281402E-2,1.621489E+1,1.046859E+0,2.354662E-11,-2.028786E+1
9.100000E+0,4.000000E+0,0.000000E+0,6.266377E-2,1.667845E-12,-6.266617E-2,1.628670E+1,1.044396E+0,2.779742E-11,-2.030014E+1
9.150000E+0,4.000000E+0,0.000000E+0,6.251242E-2,1.879513E-12,-6.251484E-2,1.635957E+1,1.041874E+0,3.132522E-11,-1.982146E+1
9.200000E+0,4.000000E+0,0.000000E+0,6.236277E-2,1.874721E-12,-6.236526E-2,1.643039E+1,1.039379E+0,3.124535E-11,-2.004646E+1
9.250000E+0,4.000000E+0,0.000000E+0,6.221168E-2,1.866925E-12,-6.221416E-2,1.650285E+1,1.036861E+0,3.111541E-11,-1.985616E+1
9.300000E+0,4.000000E+0,0.000000E+0,6.206743E-2,1.947522E-12,-6.206975E-2,1.657230E+1,1.034457E+0,3.245870E-11,-2.079659E+1
9.350000E+0,4.000000E+0,0.000000E+0,6.192200E-2,2.083003E-12,-6.192439E-2,1.664535E+1,1.032033E+0,3.471672E-11,-2.062931E+1
9.400000E+0,4.000000E+0,0.000000E+0,6.177668E-2,2.059341E-12,-6.177909E-2,1.671545E+1,1.029611E+0,3.432234E-11,-2.064306E+1
9.450000E+0,4.000000E+0,0.000000E+0,6.163394E-2,2.137506E-12,-6.163638E-2,1.678813E+1,1.027232E+0,3.562510E-11,-2.101859E+1
9.500000E+0,4.000000E+0,0.000000E+0,6.148771E-2,2.235198E-12,-6.149020E-2,1.685960E+1,1.024795E+0,3.725330E-11,-2.051527E+1
9.550000E+0,4.000000E+0,0.000000E+0,6.134082E-2,2.315557E-12,-6.134328E-2,1.693160E+1,1.022347E+0,3.859262E-11,-2.042318E+1
9.600000E+0,4.000000E+0,0.000000E+0,6.119263E-2,2.405655E-12,-6.119511E-2,1.700115E+1,1.019877E+0,4.009426E-11,-2.024451E+1
9.650000E+0,4.000000E+0,0.000000E+0,6.104542E-2,2.599323E-12,-6.104785E-2,1.707160E+1,1.017424E+0,4.332205E-11,-2.037873E+1
9.700000E+0,4.000000E+0,0.000000E+0,6.090063E-2,2.623344E-12,-6.090308E-2,1.714227E+1,1.015010E+0,4.372239E-11,-2.071954E+1
9.750000E+0,4.000000E+0,0.000000E+0,6.075659E-2,2.678156E-12,-6.075903E-2,1.721475E+1,1.012610E+0,4.463593E-11,-2.082779E+1
9.800000E+0,4.000000E+0,0.000000E+0,6.061270E-2,2.685261E-12,-6.061519E-2,1.728660E+1,1.010212E+0,4.475435E-11,-2.084990E+1
9.850000E+0,4.000000E+0,0.000000E+0,6.047095E-2,2.580667E-12,-6.047349E-2,1.735764E+1,1.007849E+0,4.301111E-11,-2.116331E+1
9.900000E+0,4.000000E+0,0.000000E+0,6.032945E-2,2.436543E-12,-6.033188E-2,1.742910E+1,1.005491E+0,4.060904E-11,-2.120120E+1
9.950000E+0,4.000000E+0,0.000000E+0,6.018946E-2,2.522254E-12,-6.019190E-2,1.750045E+1,1.003158E+0,4.203757E-11,-2.143083E+1
1.000000E+1,4.000000E+0,0.000000E+0,6.005130E-2,2.516592E-12,-6.005372E-2,1.757656E+1,1.000855E+0,4.194319E-11,-2.171339E+1
